update_id,update
1,update1
2,update2
3,update3
4,update4
5,update5
6,update6
7,update7
8,update8
9,update9
10,update10
11,update11
12,update12
13,update13
14,update14
15,update15
16,update16
17,update17
18,update18
19,update19
20,update20
21,update21
22,update22
23,update23
24,update24
25,update25
26,update26
27,update27
28,update28
29,update29
30,update30
31,update31
32,update32
33,update33
34,update34
35,update35
36,update36
37,update37
38,update38
39,update39
40,update40
41,update41
42,update42
43,update43
44,update44
45,update45
46,update46
47,update47
48,update48
49,update49
50,update50
51,update51
52,update52
53,update53
54,update54
55,update55
56,update56
57,update57
58,update58
59,update59
60,update60
61,update61
62,update62
63,update63
64,update64
65,update65
66,update66
67,update67
68,update68
69,update69
70,update70
71,update71
72,update72
73,update73
74,update74
75,update75
76,update76
77,update77
78,update78
79,update79
80,update80
81,update81
82,update82
83,update83
84,update84
85,update85
86,update86
87,update87
88,update88
89,update89
90,update90
91,update91
92,update92
93,update93
94,update94
95,update95
96,update96
97,update97
98,update98
99,update99
100,update100
101,update101
102,update102
103,update103
104,update104
105,update105
106,update106
107,update107
108,update108
109,update109
110,update110
111,update111
112,update112
113,update113
114,update114
115,update115
116,update116
117,update117
118,update118
119,update119
120,update120
121,update121
122,update122
123,update123
124,update124
125,update125
126,update126
127,update127
128,update128
129,update129
130,update130
131,update131
132,update132
133,update133
134,update134
